CREATE DATABASE  IF NOT EXISTS `hospitaldb` /*!40100 DEFAULT CHARACTER SET utf8mb4 COLLATE utf8mb4_unicode_ci */;
USE `hospitaldb`;
-- MySQL dump 10.13  Distrib 8.0.12, for Win64 (x86_64)
--
-- Host: localhost    Database: hospitaldb
-- ------------------------------------------------------
-- Server version	8.0.12

/*!40101 SET @OLD_CHARACTER_SET_CLIENT=@@CHARACTER_SET_CLIENT */;
/*!40101 SET @OLD_CHARACTER_SET_RESULTS=@@CHARACTER_SET_RESULTS */;
/*!40101 SET @OLD_COLLATION_CONNECTION=@@COLLATION_CONNECTION */;
 SET NAMES utf8 ;
/*!40103 SET @OLD_TIME_ZONE=@@TIME_ZONE */;
/*!40103 SET TIME_ZONE='+00:00' */;
/*!40014 SET @OLD_UNIQUE_CHECKS=@@UNIQUE_CHECKS, UNIQUE_CHECKS=0 */;
/*!40014 SET @OLD_FOREIGN_KEY_CHECKS=@@FOREIGN_KEY_CHECKS, FOREIGN_KEY_CHECKS=0 */;
/*!40101 SET @OLD_SQL_MODE=@@SQL_MODE, SQL_MODE='NO_AUTO_VALUE_ON_ZERO' */;
/*!40111 SET @OLD_SQL_NOTES=@@SQL_NOTES, SQL_NOTES=0 */;

--
-- Table structure for table `department`
--

DROP TABLE IF EXISTS `department`;
/*!40101 SET @saved_cs_client     = @@character_set_client */;
 SET character_set_client = utf8mb4 ;
CREATE TABLE `department` (
  `d_name` varchar(30) NOT NULL,
  `d_location` text,
  `facilities` text,
  PRIMARY KEY (`d_name`)
) ENGINE=InnoDB DEFAULT CHARSET=utf8mb4 COLLATE=utf8mb4_unicode_ci;
/*!40101 SET character_set_client = @saved_cs_client */;

--
-- Dumping data for table `department`
--

LOCK TABLES `department` WRITE;
/*!40000 ALTER TABLE `department` DISABLE KEYS */;
INSERT INTO `department` VALUES ('Accidental and Emergency','J','Emergency service'),('Cardiology','A','Blood pressure test'),('Critical Care','B','Intensive care unit'),('Diagnostic imaging','B','Untrasound scan and X-ray scan'),('Discharge Lounge','C','TV & Megazines'),('General Surgery','G','Day surgery'),('Gynaecology','H','gynacology assesment'),('Oncology','D','radiotherapy'),('Pharmacy','H','Medicines & Pharmaceuticals'),('Renal Unit','D','haemodialysis treatment');
/*!40000 ALTER TABLE `department` ENABLE KEYS */;
UNLOCK TABLES;

--
-- Table structure for table `doctors`
--

DROP TABLE IF EXISTS `doctors`;
/*!40101 SET @saved_cs_client     = @@character_set_client */;
 SET character_set_client = utf8mb4 ;
CREATE TABLE `doctors` (
  `doc_no` int(11) NOT NULL,
  `department` varchar(30) DEFAULT NULL,
  `doc_name` text,
  `qualification` text,
  `ex_time` time DEFAULT NULL,
  `en_time` time DEFAULT NULL,
  `ph_no` int(11) DEFAULT NULL,
  `doj` date DEFAULT NULL,
  PRIMARY KEY (`doc_no`),
  KEY `doctors_department_fkey` (`department`),
  CONSTRAINT `doctors_department_fkey` FOREIGN KEY (`department`) REFERENCES `department` (`d_name`)
) ENGINE=InnoDB DEFAULT CHARSET=utf8mb4 COLLATE=utf8mb4_unicode_ci;
/*!40101 SET character_set_client = @saved_cs_client */;

--
-- Dumping data for table `doctors`
--

LOCK TABLES `doctors` WRITE;
/*!40000 ALTER TABLE `doctors` DISABLE KEYS */;
INSERT INTO `doctors` VALUES (1,'Cardiology','Dr. Love','MBBS','10:00:00','19:00:00',325,'2013-03-14'),(2,'Critical Care','Dr. Ken','DCH','10:30:00','17:30:00',475,'2010-12-13'),(3,'Oncology','Dr. Nervo','MD','15:00:00','20:00:00',102,'2012-05-14'),(4,'Critical Care','Dr. Pulse','MS','10:30:00','17:30:00',456,'2004-08-14'),(5,'Critical Care','Dr. Tanner','MS','10:30:00','17:30:00',475,'2004-08-14'),(6,'Diagnostic imaging','Dr. Jonathan','MBBS','15:00:00','20:00:00',123,'2000-01-29'),(7,'Diagnostic imaging','Dr. Lukes','M.PHIL','15:00:00','20:00:00',123,'1990-06-19'),(8,'Oncology','Dr. Linda','MS','15:00:00','20:00:00',475,'2000-01-29'),(9,'Accidental and Emergency','Dr. Jelly','DCH','12:00:00','14:00:00',142,'1999-09-14'),(10,'Critical Care','Dr. Buttler','MS','10:30:00','17:30:00',475,'2004-08-14');
/*!40000 ALTER TABLE `doctors` ENABLE KEYS */;
UNLOCK TABLES;

--
-- Table structure for table `pat_admit`
--

DROP TABLE IF EXISTS `pat_admit`;
/*!40101 SET @saved_cs_client     = @@character_set_client */;
 SET character_set_client = utf8mb4 ;
CREATE TABLE `pat_admit` (
  `pat_no` int(11) NOT NULL,
  `adv_pymt` int(11) DEFAULT NULL,
  `mode_pymt` text,
  `room_no` int(11) DEFAULT NULL,
  `deptname` varchar(30) DEFAULT NULL,
  `admtd_on` date NOT NULL,
  `attdnt_nm` text,
  PRIMARY KEY (`pat_no`,`admtd_on`),
  KEY `pat_admit_deptname_fkey` (`deptname`),
  KEY `pat_admit_room_no_fkey` (`room_no`),
  CONSTRAINT `pat_admit_deptname_fkey` FOREIGN KEY (`deptname`) REFERENCES `department` (`d_name`),
  CONSTRAINT `pat_admit_pat_no_fkey` FOREIGN KEY (`pat_no`) REFERENCES `pat_entry` (`pat_no`),
  CONSTRAINT `pat_admit_room_no_fkey` FOREIGN KEY (`room_no`) REFERENCES `room_details` (`room_no`)
) ENGINE=InnoDB DEFAULT CHARSET=utf8mb4 COLLATE=utf8mb4_unicode_ci;
/*!40101 SET character_set_client = @saved_cs_client */;

--
-- Dumping data for table `pat_admit`
--

LOCK TABLES `pat_admit` WRITE;
/*!40000 ALTER TABLE `pat_admit` DISABLE KEYS */;
INSERT INTO `pat_admit` VALUES (0,50000,'credit',20,'Oncology','2011-06-19','Neeta'),(1,20000,'transfer',3,'Pharmacy','2012-07-14','Kiley'),(1,20000,'cheque',17,'Renal Unit','2013-01-20','Mita'),(2,20000,'cheque',13,'Pharmacy','2012-07-14','Kiley'),(2,50000,'cash',18,'Gynaecology','2013-04-09','Kiley'),(3,20000,'transfer',11,'Cardiology','2011-02-28','Rita'),(4,20000,'transfer',7,'Renal Unit','2013-01-20','Mita'),(5,5000,'cash',14,'Accidental and Emergency','2011-03-14','Mary'),(6,50000,'cash',14,'Accidental and Emergency','2011-09-14','Mary'),(6,20000,'cheque',5,'Diagnostic imaging','2012-05-14','Neeta'),(6,15000,'cash',2,'Critical Care','2012-08-14','Mita'),(6,10000,'transfer',11,'Cardiology','2012-11-15','Rita'),(7,2000,'cheque',5,'Diagnostic imaging','2011-01-29','Neeta'),(11,10000,'cheque',17,'Renal Unit','2010-12-13','Mita'),(11,50000,'cash',10,'Oncology','2011-06-19','Neeta'),(11,15000,'cash',2,'Critical Care','2012-08-14','Mita'),(12,5000,'cash',2,'Critical Care','2013-01-20','Mita'),(13,10000,'cheque',17,'Renal Unit','2010-12-13','Mita'),(13,50000,'cash',14,'Accidental and Emergency','2011-09-14','Mary'),(14,2000,'transfer',11,'Cardiology','2013-03-14','Rita'),(15,2000,'transfer',19,'General Surgery','2013-05-10','Mary'),(18,5000,'credit',12,'Critical Care','2013-01-20','Mita'),(19,5000,'credit',12,'Critical Care','2013-01-20','Mita'),(19,15000,'cash',14,'Accidental and Emergency','2013-05-10','Mary'),(20,10000,'cheque',17,'Renal Unit','2010-12-13','Mita'),(21,10000,'transfer',7,'Renal Unit','2010-12-13','Mita'),(21,15000,'cash',2,'Critical Care','2012-08-14','Mita'),(22,50000,'cash',6,'Discharge Lounge','2012-11-15','Rita'),(23,2000,'cheque',13,'Pharmacy','2011-10-14','Kiley'),(23,20000,'transfer',7,'Renal Unit','2013-01-20','Mita'),(23,10000,'transfer',3,'Pharmacy','2013-04-09','Kiley'),(25,2000,'transfer',19,'General Surgery','2013-05-10','Mary'),(26,5000,'credit',16,'Discharge Lounge','2011-02-28','Rita'),(26,15000,'cash',18,'Gynaecology','2011-10-14','Kiley'),(30,10000,'transfer',7,'Renal Unit','2010-12-13','Mita'),(30,10000,'cheque',13,'Pharmacy','2013-04-09','Kiley'),(32,15000,'credit',20,'Oncology','2011-01-29','Neeta'),(34,2000,'transfer',3,'Pharmacy','2011-10-14','Kiley'),(34,5000,'credit',12,'Critical Care','2013-01-20','Mita'),(35,20000,'cheque',1,'Cardiology','2011-02-28','Rita'),(35,10000,'cheque',13,'Pharmacy','2013-04-09','Kiley'),(36,50000,'cash',14,'Accidental and Emergency','2011-09-14','Mary'),(38,15000,'credit',12,'Critical Care','2012-08-14','Mita'),(38,10000,'cheque',13,'Pharmacy','2013-04-09','Kiley'),(40,10000,'transfer',19,'General Surgery','2011-09-14','Mary'),(41,15000,'credit',16,'Discharge Lounge','2013-03-14','Rita'),(42,50000,'credit',4,'Accidental and Emergency','2011-09-14','Mary'),(43,5000,'cash',10,'Oncology','2012-05-14','Neeta'),(45,10000,'cheque',1,'Cardiology','2012-11-15','Rita'),(46,50000,'credit',4,'Accidental and Emergency','2011-09-14','Mary'),(47,50000,'cash',6,'Discharge Lounge','2012-11-15','Rita'),(48,20000,'cheque',13,'Pharmacy','2012-07-14','Kiley'),(49,2000,'cheque',1,'Cardiology','2013-03-14','Rita'),(50,5000,'credit',16,'Discharge Lounge','2011-02-28','Rita'),(53,2000,'transfer',11,'Cardiology','2013-03-14','Rita'),(55,15000,'credit',20,'Oncology','2011-01-29','Neeta'),(55,2000,'cheque',9,'General Surgery','2013-05-10','Mary'),(57,5000,'credit',12,'Critical Care','2013-01-20','Mita'),(59,10000,'cheque',1,'Cardiology','2012-11-15','Rita'),(60,10000,'transfer',19,'General Surgery','2011-09-14','Mary'),(61,5000,'cash',6,'Discharge Lounge','2011-02-28','Rita'),(61,50000,'credit',20,'Oncology','2011-06-19','Neeta'),(61,15000,'cash',6,'Discharge Lounge','2013-03-14','Rita'),(63,5000,'credit',16,'Discharge Lounge','2011-02-28','Rita'),(64,5000,'cash',2,'Critical Care','2013-01-20','Mita'),(65,5000,'cash',6,'Discharge Lounge','2011-02-28','Rita'),(66,5000,'cash',2,'Critical Care','2013-01-20','Mita'),(68,2000,'cheque',17,'Renal Unit','2012-08-14','Mita'),(68,15000,'credit',4,'Accidental and Emergency','2013-05-10','Mary'),(70,15000,'credit',8,'Gynaecology','2011-10-14','Kiley'),(70,20000,'transfer',15,'Diagnostic imaging','2012-05-14','Neeta'),(70,20000,'transfer',3,'Pharmacy','2012-07-14','Kiley'),(70,10000,'transfer',3,'Pharmacy','2013-04-09','Kiley'),(71,5000,'credit',8,'Gynaecology','2012-07-14','Kiley'),(72,50000,'cash',18,'Gynaecology','2013-04-09','Kiley'),(73,10000,'cheque',9,'General Surgery','2011-09-14','Mary'),(74,5000,'credit',16,'Discharge Lounge','2011-02-28','Rita'),(75,50000,'cash',2,'Critical Care','2010-12-13','Mita'),(76,5000,'cash',6,'Discharge Lounge','2011-02-28','Rita'),(76,10000,'cheque',9,'General Surgery','2011-09-14','Mary'),(76,20000,'transfer',7,'Renal Unit','2013-01-20','Mita'),(78,20000,'cheque',9,'General Surgery','2011-03-14','Mary'),(78,10000,'cheque',5,'Diagnostic imaging','2011-06-19','Neeta'),(80,15000,'cash',2,'Critical Care','2012-08-14','Mita'),(82,2000,'cheque',5,'Diagnostic imaging','2011-01-29','Neeta'),(82,10000,'transfer',19,'General Surgery','2011-09-14','Mary'),(84,2000,'cheque',13,'Pharmacy','2011-10-14','Kiley'),(84,15000,'cash',2,'Critical Care','2012-08-14','Mita'),(85,20000,'cheque',5,'Diagnostic imaging','2012-05-14','Neeta'),(85,50000,'credit',16,'Discharge Lounge','2012-11-15','Rita'),(86,50000,'cash',10,'Oncology','2011-06-19','Neeta'),(86,2000,'cheque',1,'Cardiology','2013-03-14','Rita'),(87,20000,'cheque',5,'Diagnostic imaging','2012-05-14','Neeta'),(87,15000,'cash',6,'Discharge Lounge','2013-03-14','Rita'),(88,20000,'cheque',5,'Diagnostic imaging','2012-05-14','Neeta'),(88,2000,'cheque',1,'Cardiology','2013-03-14','Rita'),(89,2000,'cheque',9,'General Surgery','2013-05-10','Mary'),(90,10000,'transfer',11,'Cardiology','2012-11-15','Rita'),(91,15000,'credit',16,'Discharge Lounge','2013-03-14','Rita'),(92,15000,'credit',4,'Accidental and Emergency','2013-05-10','Mary'),(94,50000,'cash',14,'Accidental and Emergency','2011-09-14','Mary'),(94,15000,'cash',18,'Gynaecology','2011-10-14','Kiley'),(94,10000,'cheque',1,'Cardiology','2012-11-15','Rita'),(95,5000,'credit',4,'Accidental and Emergency','2011-03-14','Mary'),(95,2000,'cheque',17,'Renal Unit','2012-08-14','Mita'),(97,50000,'credit',4,'Accidental and Emergency','2011-09-14','Mary'),(101,50000,'credit',8,'Gynaecology','2013-04-09','Kiley'),(102,5000,'cash',6,'Discharge Lounge','2011-02-28','Rita'),(103,20000,'cheque',17,'Renal Unit','2013-01-20','Mita'),(103,10000,'transfer',3,'Pharmacy','2013-04-09','Kiley'),(104,15000,'cash',6,'Discharge Lounge','2013-03-14','Rita'),(106,10000,'cheque',1,'Cardiology','2012-11-15','Rita'),(107,10000,'cheque',9,'General Surgery','2011-09-14','Mary'),(107,2000,'transfer',3,'Pharmacy','2011-10-14','Kiley'),(108,15000,'credit',20,'Oncology','2011-01-29','Neeta'),(111,15000,'credit',12,'Critical Care','2012-08-14','Mita'),(117,2000,'transfer',7,'Renal Unit','2012-08-14','Mita'),(117,2000,'transfer',11,'Cardiology','2013-03-14','Rita'),(117,50000,'credit',8,'Gynaecology','2013-04-09','Kiley'),(119,50000,'cash',14,'Accidental and Emergency','2011-09-14','Mary'),(123,15000,'cash',14,'Accidental and Emergency','2013-05-10','Mary'),(125,50000,'cash',6,'Discharge Lounge','2012-11-15','Rita'),(126,10000,'cheque',5,'Diagnostic imaging','2011-06-19','Neeta'),(128,50000,'cash',18,'Gynaecology','2013-04-09','Kiley'),(129,10000,'transfer',19,'General Surgery','2011-09-14','Mary'),(130,2000,'cheque',13,'Pharmacy','2011-10-14','Kiley'),(130,10000,'cheque',1,'Cardiology','2012-11-15','Rita'),(131,15000,'cash',14,'Accidental and Emergency','2013-05-10','Mary'),(132,10000,'transfer',3,'Pharmacy','2013-04-09','Kiley'),(134,10000,'transfer',7,'Renal Unit','2010-12-13','Mita'),(135,10000,'cheque',17,'Renal Unit','2010-12-13','Mita'),(135,15000,'cash',10,'Oncology','2011-01-29','Neeta'),(135,15000,'cash',18,'Gynaecology','2011-10-14','Kiley'),(135,5000,'cash',2,'Critical Care','2013-01-20','Mita'),(135,2000,'cheque',9,'General Surgery','2013-05-10','Mary'),(138,50000,'cash',2,'Critical Care','2010-12-13','Mita'),(140,10000,'transfer',19,'General Surgery','2011-09-14','Mary'),(141,10000,'transfer',3,'Pharmacy','2013-04-09','Kiley'),(142,20000,'transfer',19,'General Surgery','2011-03-14','Mary'),(142,5000,'cash',10,'Oncology','2012-05-14','Neeta'),(142,15000,'credit',12,'Critical Care','2012-08-14','Mita'),(142,10000,'transfer',11,'Cardiology','2012-11-15','Rita'),(143,20000,'cheque',13,'Pharmacy','2012-07-14','Kiley'),(145,2000,'transfer',3,'Pharmacy','2011-10-14','Kiley'),(146,20000,'transfer',3,'Pharmacy','2012-07-14','Kiley'),(147,5000,'cash',10,'Oncology','2012-05-14','Neeta'),(148,5000,'cash',14,'Accidental and Emergency','2011-03-14','Mary'),(148,50000,'cash',14,'Accidental and Emergency','2011-09-14','Mary');
/*!40000 ALTER TABLE `pat_admit` ENABLE KEYS */;
UNLOCK TABLES;

--
-- Table structure for table `pat_chup`
--

DROP TABLE IF EXISTS `pat_chup`;
/*!40101 SET @saved_cs_client     = @@character_set_client */;
 SET character_set_client = utf8mb4 ;
CREATE TABLE `pat_chup` (
  `pat_no` int(11) NOT NULL,
  `chup_time_no` int(11) NOT NULL,
  `chup_date` date DEFAULT NULL,
  `diagnosis` text,
  `status` text,
  `treatment` text,
  PRIMARY KEY (`pat_no`,`chup_time_no`),
  CONSTRAINT `pat_chup_pat_no_fkey` FOREIGN KEY (`pat_no`) REFERENCES `pat_entry` (`pat_no`)
) ENGINE=InnoDB DEFAULT CHARSET=utf8mb4 COLLATE=utf8mb4_unicode_ci;
/*!40101 SET character_set_client = @saved_cs_client */;

--
-- Dumping data for table `pat_chup`
--

LOCK TABLES `pat_chup` WRITE;
/*!40000 ALTER TABLE `pat_chup` DISABLE KEYS */;
INSERT INTO `pat_chup` VALUES (0,1,'2012-11-15','diabetes','life threat','dialysis'),(0,3,'2013-04-09','cancer','under supervision','laser treatment'),(1,3,'2011-02-28','narcolepsy','under supervision','transplant'),(3,1,'2013-03-14','allergies','life threat','Chemotherapy'),(3,3,'2011-09-14','thyroid disorder','under supervision','warm baths'),(4,1,'2011-02-28','narcolepsy','life threat','transplant'),(4,2,'2013-05-10','chicken pox','better','symptomatic treatment'),(5,1,'2011-02-28','narcolepsy','life threat','warm baths'),(6,1,'2011-01-29','headache','life threat','symptomatic treatment'),(6,2,'2013-04-09','cancer','better','dialysis'),(6,4,'2012-07-14','stroke','dead','laser treatment'),(8,4,'2012-07-14','stroke','dead','Chemotherapy'),(9,3,'2011-03-14','hypertension','under supervision','symptomatic treatment'),(9,4,'2013-03-14','allergies','dead','dialysis'),(10,4,'2013-05-10','chicken pox','dead','Chemotherapy'),(12,2,'2011-06-19','fever','better','laser treatment'),(12,3,'2011-01-29','headache','under supervision','warm baths'),(13,1,'2013-01-20','asthma','life threat','transplant'),(13,3,'2011-03-14','hypertension','under supervision','symptomatic treatment'),(14,1,'2013-05-10','chicken pox','life threat','warm baths'),(15,2,'2011-09-14','thyroid disorder','better','transplant'),(15,3,'2011-01-29','headache','under supervision','dialysis'),(16,4,'2013-04-09','cancer','dead','dialysis'),(17,2,'2011-01-29','headache','better','transplant'),(17,3,'2011-03-14','hypertension','under supervision','Chemotherapy'),(18,2,'2012-11-15','diabetes','better','laser treatment'),(18,3,'2012-07-14','stroke','under supervision','symptomatic treatment'),(19,2,'2010-12-13','obesity','better','multifaceted'),(24,3,'2011-02-28','narcolepsy','under supervision','laser treatment'),(25,2,'2012-05-14','cough','better','Chemotherapy'),(25,3,'2013-01-20','asthma','under supervision','laser treatment'),(26,2,'2012-11-15','diabetes','better','transplant'),(27,2,'2011-06-19','fever','better','multifaceted'),(28,3,'2011-10-14','isnomnia','under supervision','Chemotherapy'),(29,1,'2011-03-14','hypertension','life threat','symptomatic treatment'),(29,3,'2012-08-14','kidney disease','under supervision','Chemotherapy'),(29,4,'2012-05-14','cough','dead','warm baths'),(30,4,'2011-02-28','narcolepsy','dead','laser treatment'),(32,3,'2013-03-14','allergies','under supervision','warm baths'),(32,4,'2012-08-14','kidney disease','dead','Chemotherapy'),(35,2,'2011-01-29','headache','better','dialysis'),(35,3,'2011-09-14','thyroid disorder','under supervision','symptomatic treatment'),(36,3,'2013-05-10','chicken pox','under supervision','dialysis'),(36,4,'2011-10-14','isnomnia','dead','Chemotherapy'),(38,1,'2012-07-14','stroke','life threat','dialysis'),(39,4,'2013-04-09','cancer','dead','Chemotherapy'),(40,1,'2012-11-15','diabetes','life threat','Chemotherapy'),(41,1,'2010-12-13','obesity','life threat','Chemotherapy'),(43,1,'2010-12-13','obesity','life threat','laser treatment'),(43,4,'2011-01-29','headache','dead','multifaceted'),(44,4,'2012-08-14','kidney disease','dead','transplant'),(45,4,'2010-12-13','obesity','dead','warm baths'),(46,3,'2011-10-14','isnomnia','under supervision','multifaceted'),(48,1,'2013-01-20','asthma','life threat','multifaceted'),(48,2,'2011-06-19','fever','better','multifaceted'),(50,4,'2013-03-14','allergies','dead','transplant'),(51,1,'2011-02-28','narcolepsy','life threat','warm baths'),(51,2,'2011-03-14','hypertension','better','dialysis'),(55,3,'2013-01-20','asthma','under supervision','transplant'),(58,4,'2013-05-10','chicken pox','dead','dialysis'),(59,2,'2013-04-09','cancer','better','Chemotherapy'),(62,4,'2011-01-29','headache','dead','multifaceted'),(65,2,'2013-03-14','allergies','better','Chemotherapy'),(65,4,'2011-09-14','thyroid disorder','dead','symptomatic treatment'),(67,3,'2012-07-14','stroke','under supervision','warm baths'),(67,4,'2013-04-09','cancer','dead','warm baths'),(68,2,'2011-06-19','fever','better','warm baths'),(68,4,'2013-01-20','asthma','dead','dialysis'),(69,1,'2011-06-19','fever','life threat','warm baths'),(69,2,'2013-03-14','allergies','better','transplant'),(69,4,'2012-05-14','cough','dead','warm baths'),(70,1,'2012-07-14','stroke','life threat','dialysis'),(70,3,'2011-03-14','hypertension','under supervision','symptomatic treatment'),(72,2,'2012-07-14','stroke','better','symptomatic treatment'),(74,2,'2011-03-14','hypertension','better','laser treatment'),(75,2,'2011-09-14','thyroid disorder','better','transplant'),(76,1,'2011-09-14','thyroid disorder','life threat','Chemotherapy'),(76,3,'2012-11-15','diabetes','under supervision','laser treatment'),(79,2,'2012-07-14','stroke','better','dialysis'),(80,2,'2013-04-09','cancer','better','laser treatment'),(87,4,'2012-08-14','kidney disease','dead','symptomatic treatment'),(88,4,'2011-06-19','fever','dead','dialysis'),(90,2,'2013-03-14','allergies','better','symptomatic treatment'),(91,4,'2013-04-09','cancer','dead','symptomatic treatment'),(92,2,'2011-09-14','thyroid disorder','better','laser treatment'),(94,3,'2013-05-10','chicken pox','under supervision','warm baths'),(95,1,'2013-03-14','allergies','life threat','warm baths'),(95,4,'2012-07-14','stroke','dead','warm baths'),(96,1,'2011-02-28','narcolepsy','life threat','transplant'),(97,4,'2011-01-29','headache','dead','dialysis'),(98,1,'2012-11-15','diabetes','life threat','transplant'),(100,1,'2012-05-14','cough','life threat','Chemotherapy'),(100,2,'2013-04-09','cancer','better','multifaceted'),(100,4,'2011-09-14','thyroid disorder','dead','symptomatic treatment'),(101,3,'2011-09-14','thyroid disorder','under supervision','multifaceted'),(102,1,'2011-03-14','hypertension','life threat','warm baths'),(103,2,'2012-05-14','cough','better','dialysis'),(103,4,'2013-05-10','chicken pox','dead','dialysis'),(104,1,'2011-06-19','fever','life threat','symptomatic treatment'),(108,1,'2011-09-14','thyroid disorder','life threat','Chemotherapy'),(109,2,'2013-03-14','allergies','better','symptomatic treatment'),(110,2,'2013-03-14','allergies','better','multifaceted'),(110,3,'2013-03-14','allergies','under supervision','dialysis'),(111,1,'2011-06-19','fever','life threat','symptomatic treatment'),(111,2,'2012-07-14','stroke','better','warm baths'),(111,3,'2010-12-13','obesity','under supervision','Chemotherapy'),(113,1,'2011-02-28','narcolepsy','life threat','dialysis'),(113,3,'2011-10-14','isnomnia','under supervision','laser treatment'),(113,4,'2011-06-19','fever','dead','laser treatment'),(116,3,'2013-01-20','asthma','under supervision','Chemotherapy'),(122,1,'2010-12-13','obesity','life threat','multifaceted'),(122,4,'2013-03-14','allergies','dead','multifaceted'),(123,4,'2012-05-14','cough','dead','multifaceted'),(132,3,'2012-11-15','diabetes','under supervision','transplant'),(133,3,'2011-02-28','narcolepsy','under supervision','dialysis'),(134,2,'2011-10-14','isnomnia','better','multifaceted'),(135,1,'2012-07-14','stroke','life threat','symptomatic treatment'),(136,2,'2011-02-28','narcolepsy','better','transplant'),(136,3,'2013-01-20','asthma','under supervision','Chemotherapy'),(138,1,'2013-05-10','chicken pox','life threat','dialysis'),(138,3,'2013-04-09','cancer','under supervision','dialysis'),(138,4,'2013-03-14','allergies','dead','symptomatic treatment'),(140,4,'2012-07-14','stroke','dead','multifaceted'),(141,2,'2012-05-14','cough','better','laser treatment'),(142,1,'2013-05-10','chicken pox','life threat','Chemotherapy'),(142,3,'2013-03-14','allergies','under supervision','symptomatic treatment'),(142,4,'2013-01-20','asthma','dead','laser treatment'),(143,3,'2011-01-29','headache','under supervision','dialysis'),(149,2,'2012-08-14','kidney disease','better','Chemotherapy');
/*!40000 ALTER TABLE `pat_chup` ENABLE KEYS */;
UNLOCK TABLES;

--
-- Table structure for table `pat_dis`
--

DROP TABLE IF EXISTS `pat_dis`;
/*!40101 SET @saved_cs_client     = @@character_set_client */;
 SET character_set_client = utf8mb4 ;
CREATE TABLE `pat_dis` (
  `pat_no` int(11) NOT NULL,
  `advice_given` text,
  `medicins` text,
  `paymn_giv` int(11) DEFAULT NULL,
  `dis_on` date NOT NULL,
  `admt_on` date NOT NULL,
  PRIMARY KEY (`pat_no`,`admt_on`,`dis_on`),
  CONSTRAINT `pat_dis_pat_no_fkey` FOREIGN KEY (`pat_no`, `admt_on`) REFERENCES `pat_admit` (`pat_no`, `admtd_on`)
) ENGINE=InnoDB DEFAULT CHARSET=utf8mb4 COLLATE=utf8mb4_unicode_ci;
/*!40101 SET character_set_client = @saved_cs_client */;

--
-- Dumping data for table `pat_dis`
--

LOCK TABLES `pat_dis` WRITE;
/*!40000 ALTER TABLE `pat_dis` DISABLE KEYS */;
INSERT INTO `pat_dis` VALUES (0,'bedrest','Atraroban',79668,'2013-12-11','2011-06-19'),(1,'bedrest','Epiroban',64851,'2014-07-06','2012-07-14'),(1,'bedrest','Atracuxapine Tacrofoxin',92827,'2014-06-22','2013-01-20'),(2,'quit smoking','Lacvorin',90622,'2014-07-11','2012-07-14'),(2,'decrease dose','Zolpixane Terbitasol',51693,'2014-02-16','2013-04-09'),(3,'healthy food','Exerotec Aplenbucil',47285,'2014-03-29','2011-02-28'),(4,'healthy food','Capoclotide',8981,'2013-10-28','2013-01-20'),(5,'bedrest','Myconazol',97295,'2014-04-17','2011-03-14'),(6,'bedrest','Carbinavir',52971,'2014-07-02','2011-09-14'),(6,'bedrest','Estrosetron',30721,'2014-05-07','2012-05-14'),(6,'quit smoking','Exerotec Aplenbucil',69627,'2013-11-13','2012-08-14'),(6,'healthy food','Arijex',54498,'2014-03-19','2012-11-15'),(7,'decrease dose','Acferal Isomin',66689,'2014-06-24','2011-01-29'),(11,'healthy food','Adenoveset Nisonosine',16784,'2014-06-04','2010-12-13'),(11,'healthy food','Arijex',23261,'2014-05-29','2011-06-19'),(11,'bedrest','Somanuvia',97301,'2013-12-18','2012-08-14'),(12,'healthy food','Aspabulin',38484,'2013-10-16','2013-01-20'),(13,'decrease dose','Palivirase',19355,'2014-03-26','2010-12-13'),(13,'healthy food','Desitrim',35455,'2013-12-10','2011-09-14'),(14,'bedrest','Aflulog',31950,'2014-02-10','2013-03-14'),(15,'increase dose','Exerotec Aplenbucil',63967,'2013-11-05','2013-05-10'),(18,'quit smoking','Novorinex Pamibital',18134,'2014-09-30','2013-01-20'),(19,'bedrest','Desitrim',82143,'2013-10-21','2013-01-20'),(19,'bedrest','Ramifinil',99654,'2013-11-06','2013-05-10'),(20,'bedrest','Amanlac Zolpizyme',29548,'2014-05-30','2010-12-13'),(21,'bedrest','Sucrotec',59562,'2014-06-20','2010-12-13'),(21,'bedrest','Desitrim',60216,'2014-10-03','2012-08-14'),(22,'decrease dose','Clinposide Ibrutasol',68512,'2014-05-23','2012-11-15'),(23,'bedrest','Atracuxapine Tacrofoxin',51771,'2013-11-05','2011-10-14'),(23,'decrease dose','Ganiformin',71793,'2013-10-10','2013-01-20'),(23,'quit smoking','Humunamic Invapatch',98647,'2014-04-25','2013-04-09'),(25,'quit smoking','Haemodomide',62830,'2013-12-29','2013-05-10'),(26,'decrease dose','Arijex',37322,'2014-02-12','2011-02-28'),(26,'decrease dose','Desitrim',39660,'2014-01-20','2011-10-14'),(30,'healthy food','Thiobisome Xalalovir',54014,'2013-11-29','2010-12-13'),(30,'healthy food','Transvance Comvelam',97155,'2014-01-04','2013-04-09'),(32,'decrease dose','Icotamine',15409,'2013-10-23','2011-01-29'),(34,'bedrest','Endotrisin Abophilus',23387,'2014-04-10','2011-10-14'),(34,'increase dose','Agaprosate',45692,'2013-12-16','2013-01-20'),(35,'healthy food','Alkexolol Acynil',70368,'2014-03-05','2011-02-28'),(35,'healthy food','Transvance Comvelam',4919,'2014-09-21','2013-04-09'),(36,'bedrest','Transvance Comvelam',7147,'2014-04-13','2011-09-14'),(38,'quit smoking','Temotate',67601,'2014-06-22','2012-08-14'),(38,'quit smoking','Acarletra Aldesracil',10089,'2013-12-10','2013-04-09'),(40,'healthy food','Icotamine',97559,'2014-05-24','2011-09-14'),(41,'healthy food','Endotrisin Abophilus',13780,'2014-07-29','2013-03-14'),(42,'bedrest','Thiobisome Xalalovir',47200,'2014-03-03','2011-09-14'),(43,'increase dose','Lexibyclor',86882,'2013-10-09','2012-05-14'),(45,'decrease dose','Macrolamin',96491,'2014-01-11','2012-11-15'),(46,'increase dose','Asparathacin',43199,'2014-04-04','2011-09-14'),(47,'healthy food','Ramifinil',96436,'2014-03-12','2012-11-15'),(48,'quit smoking','Desitrim',47482,'2013-12-30','2012-07-14'),(49,'bedrest','Menosetron',67493,'2014-08-10','2013-03-14'),(50,'quit smoking','Ramifinil',99313,'2014-03-24','2011-02-28'),(53,'increase dose','Somanuvia',41765,'2014-08-31','2013-03-14'),(55,'healthy food','Alfupine',97823,'2014-02-18','2011-01-29'),(55,'healthy food','Aldothasol',66178,'2014-06-03','2013-05-10'),(57,'bedrest','Hectomumab',5855,'2014-01-31','2013-01-20'),(59,'decrease dose','Oranazol Rosibulin',50436,'2013-12-04','2012-11-15'),(60,'bedrest','Macrolamin',7909,'2013-10-03','2011-09-14'),(61,'bedrest','Lexibyclor',65070,'2014-10-03','2011-02-28'),(61,'increase dose','Oraporin Ranenatal',11059,'2013-12-28','2011-06-19'),(61,'healthy food','Agaltecan',64168,'2013-11-17','2013-03-14'),(63,'decrease dose','Lacvorin',7569,'2014-07-28','2011-02-28'),(64,'bedrest','Rivasetron',93914,'2013-10-24','2013-01-20'),(65,'increase dose','Lacvorin',22029,'2014-08-24','2011-02-28'),(66,'bedrest','Trazokeran',27797,'2013-10-19','2013-01-20'),(68,'decrease dose','Lexibyclor',76162,'2013-11-02','2012-08-14'),(68,'quit smoking','Sucrotec',74999,'2014-04-01','2013-05-10'),(70,'decrease dose','Humunamic Invapatch',30454,'2014-07-17','2011-10-14'),(70,'decrease dose','Alfupine',24536,'2014-03-14','2012-05-14'),(70,'decrease dose','Proran Alvebinol',1988,'2014-05-03','2012-07-14'),(70,'healthy food','Ganiformin',85957,'2014-09-26','2013-04-09'),(71,'decrease dose','Acarletra Aldesracil',12446,'2014-02-12','2012-07-14'),(72,'quit smoking','Endotrisin Abophilus',29411,'2014-07-09','2013-04-09'),(73,'decrease dose','Arijex',38109,'2014-03-15','2011-09-14'),(74,'healthy food','Ramifinil',70010,'2014-04-10','2011-02-28'),(75,'quit smoking','Myconazol',33869,'2014-01-25','2010-12-13'),(76,'decrease dose','Carbinavir',35430,'2014-10-03','2011-02-28'),(76,'decrease dose','Macrolamin',69771,'2014-01-05','2011-09-14'),(76,'increase dose','Zolpixane Terbitasol',2351,'2014-01-26','2013-01-20'),(78,'bedrest','Valnium',11975,'2014-08-13','2011-03-14'),(78,'bedrest','Proran Alvebinol',22081,'2014-02-20','2011-06-19'),(80,'quit smoking','Asparathacin',3599,'2014-05-10','2012-08-14'),(82,'increase dose','Agaprosate',48353,'2014-07-02','2011-01-29'),(82,'bedrest','Alosecerol',87240,'2013-10-28','2011-09-14'),(84,'increase dose','Humunamic Invapatch',31423,'2014-04-30','2011-10-14'),(84,'quit smoking','Macrolamin',13574,'2013-11-10','2012-08-14'),(85,'decrease dose','Aspabulin',33232,'2013-11-05','2012-05-14'),(85,'bedrest','Amanlac Zolpizyme',59963,'2013-10-14','2012-11-15'),(86,'quit smoking','Oraporin Ranenatal',18501,'2014-10-02','2011-06-19'),(86,'bedrest','Amanlac Zolpizyme',34547,'2014-08-28','2013-03-14'),(87,'bedrest','Palivirase',36758,'2014-07-24','2012-05-14'),(87,'healthy food','Adenoveset Nisonosine',93745,'2014-06-27','2013-03-14'),(88,'decrease dose','Ramifinil',91252,'2014-08-29','2012-05-14'),(88,'bedrest','Duradocin Lovevance',90329,'2014-08-03','2013-03-14'),(89,'increase dose','Somanuvia',53804,'2014-01-18','2013-05-10'),(90,'quit smoking','Sevocline',99851,'2013-10-20','2012-11-15'),(91,'healthy food','Zolpixane Terbitasol',19535,'2014-04-26','2013-03-14'),(92,'bedrest','Macrolamin',28502,'2014-04-16','2013-05-10'),(94,'quit smoking','Lexibyclor',34391,'2014-07-11','2011-09-14'),(94,'increase dose','Temotate',45684,'2013-11-14','2011-10-14'),(94,'healthy food','Novorinex Pamibital',46471,'2013-12-06','2012-11-15'),(95,'bedrest','Zaronitor Saproxamine',39627,'2014-08-27','2011-03-14'),(95,'bedrest','Spiroxime Actelovir',70823,'2014-06-02','2012-08-14'),(97,'bedrest','Exerotec Aplenbucil',55991,'2014-07-28','2011-09-14'),(101,'healthy food','Carbidryl',50896,'2013-11-03','2013-04-09'),(102,'increase dose','Lacvorin',61446,'2013-12-23','2011-02-28'),(103,'healthy food','Thiobisome Xalalovir',96799,'2013-10-19','2013-01-20'),(103,'decrease dose','Sevocline',85713,'2014-07-29','2013-04-09'),(104,'bedrest','Aldothasol',36199,'2013-11-23','2013-03-14'),(106,'healthy food','Fenobazine Abridol',21493,'2014-06-30','2012-11-15'),(107,'bedrest','Somanuvia',19405,'2013-11-12','2011-09-14'),(107,'healthy food','Tazorone Fexonazol',93093,'2013-11-06','2011-10-14'),(108,'decrease dose','Calciranon Methopirox',44642,'2013-12-19','2011-01-29'),(111,'decrease dose','Atraroban',18338,'2014-06-16','2012-08-14'),(117,'increase dose','Transvance Comvelam',47700,'2013-10-20','2012-08-14'),(117,'healthy food','Nutrotrace',30986,'2014-03-18','2013-03-14'),(117,'quit smoking','Robatanyl',46930,'2014-07-24','2013-04-09'),(119,'healthy food','Factolovir',37529,'2014-01-02','2011-09-14'),(123,'increase dose','Rivasetron',54921,'2014-07-10','2013-05-10'),(125,'quit smoking','Humunamic Invapatch',68778,'2014-09-06','2012-11-15'),(126,'healthy food','Aldothasol',27269,'2014-08-28','2011-06-19'),(128,'healthy food','Fenobazine Abridol',42956,'2014-08-20','2013-04-09'),(129,'healthy food','Endotrisin Abophilus',83212,'2014-04-09','2011-09-14'),(130,'decrease dose','Benazemax',80033,'2014-09-05','2011-10-14'),(130,'healthy food','Benazemax',52099,'2013-11-23','2012-11-15'),(131,'healthy food','Palivirase',60452,'2014-02-01','2013-05-10'),(132,'quit smoking','Palivirase',79561,'2014-04-03','2013-04-09'),(134,'decrease dose','Valnium',77895,'2014-08-09','2010-12-13'),(135,'healthy food','Temotate',35269,'2014-07-05','2010-12-13'),(135,'healthy food','Afrekine Icoplan',72611,'2013-12-10','2011-01-29'),(135,'quit smoking','Tazorone Fexonazol',48997,'2014-02-07','2011-10-14'),(135,'quit smoking','Menosetron',64355,'2014-05-04','2013-01-20'),(135,'quit smoking','Alkexolol Acynil',84177,'2014-06-10','2013-05-10'),(138,'healthy food','Sucrotec',18427,'2014-07-31','2010-12-13'),(140,'quit smoking','Acarletra Aldesracil',55279,'2014-07-12','2011-09-14'),(141,'decrease dose','Adenoveset Nisonosine',96523,'2014-02-09','2013-04-09'),(142,'bedrest','Acarletra Aldesracil',27376,'2014-09-11','2011-03-14'),(142,'quit smoking','Benazemax',21538,'2014-05-23','2012-05-14'),(142,'decrease dose','Somanuvia',3239,'2014-09-12','2012-08-14'),(142,'decrease dose','Benazemax',87111,'2014-03-04','2012-11-15'),(143,'decrease dose','Tamofenac',67466,'2014-03-25','2012-07-14'),(145,'healthy food','Menosetron',88711,'2014-06-15','2011-10-14'),(146,'increase dose','Tamofenac',64187,'2014-02-07','2012-07-14'),(147,'quit smoking','Amanlac Zolpizyme',78816,'2014-08-14','2012-05-14'),(148,'increase dose','Tamofenac',6916,'2014-01-24','2011-03-14'),(148,'healthy food','Factolovir',19016,'2013-11-25','2011-09-14');
/*!40000 ALTER TABLE `pat_dis` ENABLE KEYS */;
UNLOCK TABLES;

--
-- Table structure for table `pat_entry`
--

DROP TABLE IF EXISTS `pat_entry`;
/*!40101 SET @saved_cs_client     = @@character_set_client */;
 SET character_set_client = utf8mb4 ;
CREATE TABLE `pat_entry` (
  `pat_no` int(11) NOT NULL,
  `pat_name` text,
  `chup_date` date DEFAULT NULL,
  `pat_age` int(11) DEFAULT NULL,
  `sex` char(1) DEFAULT NULL,
  `diagnosis` text,
  `city` text,
  `department` varchar(30) DEFAULT NULL,
  `rfd` int(11) DEFAULT NULL,
  PRIMARY KEY (`pat_no`),
  KEY `pat_entry_department_fkey` (`department`),
  KEY `pat_entry_rfd_fkey` (`rfd`),
  CONSTRAINT `pat_entry_department_fkey` FOREIGN KEY (`department`) REFERENCES `department` (`d_name`),
  CONSTRAINT `pat_entry_rfd_fkey` FOREIGN KEY (`rfd`) REFERENCES `doctors` (`doc_no`)
) ENGINE=InnoDB DEFAULT CHARSET=utf8mb4 COLLATE=utf8mb4_unicode_ci;
/*!40101 SET character_set_client = @saved_cs_client */;

--
-- Dumping data for table `pat_entry`
--

LOCK TABLES `pat_entry` WRITE;
/*!40000 ALTER TABLE `pat_entry` DISABLE KEYS */;
INSERT INTO `pat_entry` VALUES (0,'Lumi','2013-04-09',31,'F','cancer','botad','Gynaecology',8),(1,'Robert','2012-11-15',15,'F','diabetes','ahmedabad','Discharge Lounge',6),(2,'Gibbs','2011-02-28',31,'F','narcolepsy','ahmedabad','Discharge Lounge',6),(3,'Edwards','2011-01-29',34,'F','headache','gandhinagar','Oncology',10),(4,'Robert','2012-07-14',34,'F','stroke','botad','Gynaecology',8),(5,'Edwards','2011-02-28',75,'M','narcolepsy','ahmedabad','Cardiology',1),(6,'Mitchel','2013-04-09',10,'M','cancer','botad','Pharmacy',3),(7,'Robinson','2013-03-14',34,'M','allergies','ahmedabad','Cardiology',1),(8,'Gibbs','2011-03-14',75,'F','hypertension','rajkot','Accidental and Emergency',4),(9,'Andrew','2011-03-14',56,'M','hypertension','rajkot','General Surgery',9),(10,'Robinson','2011-10-14',56,'M','isnomnia','botad','Pharmacy',3),(11,'Robinson','2013-01-20',75,'F','asthma','Los angeles','Critical Care',2),(12,'James','2010-12-13',31,'M','obesity','Los angeles','Renal Unit',7),(13,'John','2012-08-14',18,'M','kidney disease','Los angeles','Renal Unit',7),(14,'Robinson','2011-02-28',18,'F','narcolepsy','ahmedabad','Discharge Lounge',6),(15,'Ellen','2013-04-09',29,'M','cancer','botad','Pharmacy',3),(16,'William','2012-08-14',10,'M','kidney disease','Los angeles','Renal Unit',7),(17,'Mitchel','2012-07-14',34,'M','stroke','botad','Pharmacy',3),(18,'Gibbs','2011-10-14',20,'F','isnomnia','botad','Gynaecology',8),(19,'Gibbs','2011-03-14',75,'F','hypertension','rajkot','Accidental and Emergency',4),(20,'Robinson','2011-10-14',56,'M','isnomnia','botad','Pharmacy',3),(21,'John','2011-02-28',15,'F','narcolepsy','ahmedabad','Discharge Lounge',6),(22,'William','2010-12-13',20,'F','obesity','Los angeles','Critical Care',2),(23,'Edwards','2012-05-14',10,'F','cough','gandhinagar','Oncology',10),(24,'William','2011-02-28',15,'M','narcolepsy','ahmedabad','Cardiology',1),(25,'Edwards','2010-12-13',42,'F','obesity','Los angeles','Critical Care',2),(26,'John','2013-01-20',56,'M','asthma','Los angeles','Renal Unit',7),(27,'William','2012-07-14',18,'F','stroke','botad','Gynaecology',8),(28,'Robert','2012-05-14',56,'F','cough','gandhinagar','Oncology',10),(29,'Peter','2011-09-14',31,'F','thyroid disorder','rajkot','Accidental and Emergency',4),(30,'Lumi','2011-10-14',34,'F','isnomnia','botad','Gynaecology',8),(31,'Smith','2013-05-10',18,'F','chicken pox','rajkot','Accidental and Emergency',4),(32,'Traves','2012-07-14',31,'F','stroke','botad','Gynaecology',8),(33,'Gibbs','2011-02-28',56,'M','narcolepsy','ahmedabad','Cardiology',1),(34,'Andrew','2012-07-14',15,'F','stroke','botad','Gynaecology',8),(35,'John','2011-09-14',12,'M','thyroid disorder','rajkot','General Surgery',9),(36,'Mitchel','2011-06-19',20,'M','fever','gandhinagar','Diagnostic imaging',5),(37,'Ellen','2012-11-15',15,'M','diabetes','ahmedabad','Cardiology',1),(38,'Robert','2011-01-29',18,'F','headache','gandhinagar','Oncology',10),(39,'Marshall','2012-11-15',10,'M','diabetes','ahmedabad','Cardiology',1),(40,'John','2011-03-14',10,'M','hypertension','rajkot','General Surgery',9),(41,'Mitchel','2012-05-14',56,'M','cough','gandhinagar','Diagnostic imaging',5),(42,'Edwards','2013-01-20',20,'F','asthma','Los angeles','Critical Care',2),(43,'Lumi','2012-05-14',20,'F','cough','gandhinagar','Oncology',10),(44,'Edwards','2013-05-10',42,'M','chicken pox','rajkot','General Surgery',9),(45,'Smith','2012-11-15',56,'M','diabetes','ahmedabad','Cardiology',1),(46,'Lumi','2010-12-13',20,'M','obesity','Los angeles','Renal Unit',7),(47,'Reed','2011-10-14',15,'M','isnomnia','botad','Pharmacy',3),(48,'John','2013-05-10',34,'M','chicken pox','rajkot','General Surgery',9),(49,'Robinson','2011-03-14',31,'F','hypertension','rajkot','Accidental and Emergency',4),(50,'Lumi','2012-08-14',10,'F','kidney disease','Los angeles','Critical Care',2),(51,'Reed','2011-02-28',12,'F','narcolepsy','ahmedabad','Discharge Lounge',6),(52,'James','2012-07-14',42,'M','stroke','botad','Pharmacy',3),(53,'Ellen','2012-07-14',42,'M','stroke','botad','Pharmacy',3),(54,'John','2011-10-14',75,'M','isnomnia','botad','Pharmacy',3),(55,'Marshall','2011-10-14',42,'M','isnomnia','botad','Pharmacy',3),(56,'Reed','2010-12-13',31,'F','obesity','Los angeles','Critical Care',2),(57,'James','2012-08-14',75,'F','kidney disease','Los angeles','Critical Care',2),(58,'Reed','2011-06-19',75,'F','fever','gandhinagar','Oncology',10),(59,'Robinson','2012-05-14',12,'M','cough','gandhinagar','Diagnostic imaging',5),(60,'Traves','2013-01-20',34,'F','asthma','Los angeles','Critical Care',2),(61,'William','2012-07-14',18,'F','stroke','botad','Gynaecology',8),(62,'Marshall','2012-05-14',42,'F','cough','gandhinagar','Oncology',10),(63,'Smith','2011-02-28',10,'F','narcolepsy','ahmedabad','Discharge Lounge',6),(64,'Marshall','2012-08-14',18,'F','kidney disease','Los angeles','Critical Care',2),(65,'Edwards','2011-09-14',15,'F','thyroid disorder','rajkot','Accidental and Emergency',4),(66,'Robert','2012-07-14',75,'M','stroke','botad','Pharmacy',3),(67,'Andrew','2013-04-09',42,'M','cancer','botad','Pharmacy',3),(68,'Edwards','2011-03-14',12,'F','hypertension','rajkot','Accidental and Emergency',4),(69,'Reed','2012-07-14',42,'F','stroke','botad','Gynaecology',8),(70,'Lumi','2013-01-20',12,'F','asthma','Los angeles','Critical Care',2),(71,'Reed','2012-08-14',75,'M','kidney disease','Los angeles','Renal Unit',7),(72,'Andrew','2011-06-19',31,'F','fever','gandhinagar','Oncology',10),(73,'Smith','2013-05-10',18,'F','chicken pox','rajkot','Accidental and Emergency',4),(74,'Traves','2011-01-29',34,'M','headache','gandhinagar','Diagnostic imaging',5),(75,'Robinson','2012-11-15',31,'M','diabetes','ahmedabad','Cardiology',1),(76,'Reed','2012-08-14',34,'F','kidney disease','Los angeles','Critical Care',2),(77,'Traves','2012-05-14',18,'F','cough','gandhinagar','Oncology',10),(78,'Andrew','2012-07-14',15,'F','stroke','botad','Gynaecology',8),(79,'Marshall','2011-03-14',18,'M','hypertension','rajkot','General Surgery',9),(80,'Gibbs','2011-01-29',12,'F','headache','gandhinagar','Oncology',10),(81,'William','2011-03-14',42,'M','hypertension','rajkot','General Surgery',9),(82,'Lumi','2012-07-14',18,'M','stroke','botad','Pharmacy',3),(83,'Peter','2011-10-14',10,'F','isnomnia','botad','Gynaecology',8),(84,'Marshall','2011-01-29',15,'M','headache','gandhinagar','Diagnostic imaging',5),(85,'Marshall','2012-08-14',29,'M','kidney disease','Los angeles','Renal Unit',7),(86,'Robert','2012-05-14',56,'F','cough','gandhinagar','Oncology',10),(87,'Robinson','2012-07-14',34,'F','stroke','botad','Gynaecology',8),(88,'Mitchel','2013-01-20',42,'F','asthma','Los angeles','Critical Care',2),(89,'Traves','2011-06-19',31,'M','fever','gandhinagar','Diagnostic imaging',5),(90,'Edwards','2012-05-14',18,'M','cough','gandhinagar','Diagnostic imaging',5),(91,'John','2012-11-15',10,'F','diabetes','ahmedabad','Discharge Lounge',6),(92,'Lumi','2011-09-14',12,'M','thyroid disorder','rajkot','General Surgery',9),(93,'Smith','2012-11-15',56,'M','diabetes','ahmedabad','Cardiology',1),(94,'John','2011-10-14',42,'F','isnomnia','botad','Gynaecology',8),(95,'Lumi','2011-09-14',29,'F','thyroid disorder','rajkot','Accidental and Emergency',4),(96,'Michael','2013-04-09',20,'F','cancer','botad','Gynaecology',8),(97,'James','2011-03-14',75,'M','hypertension','rajkot','General Surgery',9),(98,'Edwards','2011-01-29',34,'F','headache','gandhinagar','Oncology',10),(99,'Reed','2011-06-19',42,'M','fever','gandhinagar','Diagnostic imaging',5),(100,'Marshall','2010-12-13',75,'F','obesity','Los angeles','Critical Care',2),(101,'Robert','2013-03-14',42,'M','allergies','ahmedabad','Cardiology',1),(102,'Marshall','2012-05-14',42,'F','cough','gandhinagar','Oncology',10),(103,'Edwards','2011-09-14',20,'M','thyroid disorder','rajkot','General Surgery',9),(104,'Robinson','2010-12-13',29,'M','obesity','Los angeles','Renal Unit',7),(105,'Traves','2012-11-15',12,'F','diabetes','ahmedabad','Discharge Lounge',6),(106,'Edwards','2013-03-14',15,'M','allergies','ahmedabad','Cardiology',1),(107,'Peter','2011-02-28',75,'F','narcolepsy','ahmedabad','Discharge Lounge',6),(108,'Gibbs','2012-05-14',20,'M','cough','gandhinagar','Diagnostic imaging',5),(109,'Robinson','2012-05-14',12,'M','cough','gandhinagar','Diagnostic imaging',5),(110,'Edwards','2013-04-09',75,'F','cancer','botad','Gynaecology',8),(111,'James','2011-09-14',18,'M','thyroid disorder','rajkot','General Surgery',9),(112,'Smith','2011-02-28',18,'M','narcolepsy','ahmedabad','Cardiology',1),(113,'Gibbs','2011-01-29',12,'F','headache','gandhinagar','Oncology',10),(114,'Reed','2013-05-10',31,'M','chicken pox','rajkot','General Surgery',9),(115,'Andrew','2012-07-14',20,'M','stroke','botad','Pharmacy',3),(116,'William','2012-07-14',29,'M','stroke','botad','Pharmacy',3),(117,'Mitchel','2011-02-28',29,'F','narcolepsy','ahmedabad','Discharge Lounge',6),(118,'Edwards','2011-10-14',29,'M','isnomnia','botad','Pharmacy',3),(119,'Michael','2013-05-10',75,'F','chicken pox','rajkot','Accidental and Emergency',4),(120,'Gibbs','2011-09-14',29,'M','thyroid disorder','rajkot','General Surgery',9),(121,'Marshall','2011-06-19',29,'F','fever','gandhinagar','Oncology',10),(122,'Michael','2013-04-09',20,'F','cancer','botad','Gynaecology',8),(123,'Lumi','2012-07-14',18,'M','stroke','botad','Pharmacy',3),(124,'James','2011-03-14',75,'M','hypertension','rajkot','General Surgery',9),(125,'Andrew','2011-06-19',15,'M','fever','gandhinagar','Diagnostic imaging',5),(126,'Traves','2011-10-14',29,'F','isnomnia','botad','Gynaecology',8),(127,'Smith','2011-02-28',10,'F','narcolepsy','ahmedabad','Discharge Lounge',6),(128,'William','2012-05-14',34,'F','cough','gandhinagar','Oncology',10),(129,'Peter','2012-07-14',56,'M','stroke','botad','Pharmacy',3),(130,'James','2012-05-14',20,'F','cough','gandhinagar','Oncology',10),(131,'Robert','2013-04-09',29,'F','cancer','botad','Gynaecology',8),(132,'William','2011-03-14',10,'F','hypertension','rajkot','Accidental and Emergency',4),(133,'John','2013-03-14',12,'F','allergies','ahmedabad','Discharge Lounge',6),(134,'William','2013-05-10',20,'M','chicken pox','rajkot','General Surgery',9),(135,'Edwards','2011-09-14',20,'M','thyroid disorder','rajkot','General Surgery',9),(136,'Gibbs','2012-08-14',42,'F','kidney disease','Los angeles','Critical Care',2),(137,'Traves','2013-05-10',10,'M','chicken pox','rajkot','General Surgery',9),(138,'Mitchel','2013-04-09',18,'F','cancer','botad','Gynaecology',8),(139,'Gibbs','2010-12-13',20,'F','obesity','Los angeles','Critical Care',2),(140,'James','2012-08-14',75,'F','kidney disease','Los angeles','Critical Care',2),(141,'William','2013-04-09',15,'F','cancer','botad','Gynaecology',8),(142,'Robert','2013-05-10',12,'M','chicken pox','rajkot','General Surgery',9),(143,'Reed','2013-05-10',56,'F','chicken pox','rajkot','Accidental and Emergency',4),(144,'Lumi','2013-01-20',56,'M','asthma','Los angeles','Renal Unit',7),(145,'Robert','2011-03-14',20,'F','hypertension','rajkot','Accidental and Emergency',4),(146,'Robinson','2011-03-14',31,'F','hypertension','rajkot','Accidental and Emergency',4),(147,'Peter','2012-05-14',10,'M','cough','gandhinagar','Diagnostic imaging',5),(148,'James','2010-12-13',15,'F','obesity','Los angeles','Critical Care',2),(149,'Robert','2012-08-14',20,'M','kidney disease','Los angeles','Renal Unit',7);
/*!40000 ALTER TABLE `pat_entry` ENABLE KEYS */;
UNLOCK TABLES;

--
-- Table structure for table `pat_opr`
--

DROP TABLE IF EXISTS `pat_opr`;
/*!40101 SET @saved_cs_client     = @@character_set_client */;
 SET character_set_client = utf8mb4 ;
CREATE TABLE `pat_opr` (
  `pat_no` int(11) DEFAULT NULL,
  `date_opr` date DEFAULT NULL,
  `typeoperation` text,
  `medicines` text,
  `doc_no` int(11) DEFAULT NULL,
  `opr_id` int(11) NOT NULL,
  PRIMARY KEY (`opr_id`),
  KEY `pat_opr_doc_no_fkey` (`doc_no`),
  KEY `pat_opr_pat_no_fkey` (`pat_no`),
  CONSTRAINT `pat_opr_doc_no_fkey` FOREIGN KEY (`doc_no`) REFERENCES `doctors` (`doc_no`),
  CONSTRAINT `pat_opr_pat_no_fkey` FOREIGN KEY (`pat_no`) REFERENCES `pat_entry` (`pat_no`)
) ENGINE=InnoDB DEFAULT CHARSET=utf8mb4 COLLATE=utf8mb4_unicode_ci;
/*!40101 SET character_set_client = @saved_cs_client */;

--
-- Dumping data for table `pat_opr`
--

LOCK TABLES `pat_opr` WRITE;
/*!40000 ALTER TABLE `pat_opr` DISABLE KEYS */;
INSERT INTO `pat_opr` VALUES (16,'2013-01-20','angioplasty','kadian',7,0),(13,'2011-03-14','laproscopy','antihistamine',4,1),(119,'2011-06-19','microsurgery','zanosar',10,2),(97,'2012-07-14','laproscopy','antihistamine',8,3),(139,'2012-05-14','andoscopy','tabloid',10,4),(25,'2011-02-28','microsurgery','zanosar',6,5),(18,'2013-05-10','microsurgery','combivir',9,6),(115,'2011-02-28','microsurgery','zanosar',6,7),(23,'2011-09-14','angioplasty','abtacept',4,8),(8,'2011-09-14','bypass','abciximab',9,9),(2,'2013-04-09','angioplasty','kadian',3,10),(141,'2012-08-14','angioplasty','abtacept',2,11),(68,'2011-09-14','lobotomy','tacrine',9,12),(16,'2013-01-20','angioplasty','kadian',7,13),(47,'2013-04-09','angioplasty','abtacept',8,14),(1,'2013-01-20','bypass','Xarello',2,15),(28,'2011-03-14','andoscopy','Xeomin',9,16),(111,'2012-08-14','andoscopy','tabloid',2,17),(120,'2013-03-14','angioplasty','kadian',1,18),(111,'2012-08-14','andoscopy','tabloid',2,19),(27,'2011-10-14','laproscopy','antihistamine',8,20),(42,'2011-10-14','microsurgery','combivir',3,21),(81,'2012-08-14','bypass','Xarello',2,22),(96,'2012-08-14','angioplasty','kadian',7,23),(102,'2011-10-14','open heart surgery','Zafirilukast',3,24),(117,'2011-10-14','angioplasty','abtacept',8,25),(118,'2011-03-14','andoscopy','Xeomin',9,26),(53,'2011-09-14','open heart surgery','modafinil',4,27),(85,'2011-02-28','open heart surgery','modafinil',6,28),(32,'2013-04-09','bypass','abciximab',3,29),(123,'2013-05-10','open heart surgery','modafinil',4,30),(127,'2012-07-14','open heart surgery','modafinil',8,31),(2,'2013-04-09','lobotomy','tacrine',3,32),(88,'2011-03-14','open heart surgery','Zafirilukast',9,33),(4,'2012-05-14','microsurgery','combivir',5,34),(124,'2012-05-14','lobotomy','tacrine',5,35),(7,'2012-07-14','microsurgery','zanosar',8,36),(120,'2013-03-14','angioplasty','kadian',1,37),(71,'2010-12-13','open heart surgery','modafinil',2,38),(46,'2013-01-20','microsurgery','combivir',7,39),(119,'2011-06-19','bypass','Xarello',10,40),(122,'2013-04-09','andoscopy','Xeomin',3,41),(90,'2013-03-14','andoscopy','Xeomin',1,42),(38,'2011-09-14','andoscopy','Xeomin',9,43),(62,'2013-04-09','lobotomy','tacrine',3,44),(85,'2011-02-28','angioplasty','abtacept',6,45),(138,'2013-05-10','lobotomy','tacrine',9,46),(64,'2012-05-14','bypass','abciximab',5,47),(52,'2012-07-14','laproscopy','zavesca',3,48),(62,'2013-04-09','andoscopy','Xeomin',3,49),(33,'2013-05-10','angioplasty','abtacept',4,50),(99,'2011-01-29','open heart surgery','modafinil',10,51),(76,'2013-01-20','laproscopy','zavesca',7,52),(18,'2013-05-10','microsurgery','combivir',9,53),(54,'2011-01-29','angioplasty','kadian',5,54),(121,'2013-01-20','lobotomy','Xiaflex',2,55),(146,'2010-12-13','andoscopy','Xeomin',7,56),(129,'2011-01-29','andoscopy','tabloid',10,57),(37,'2012-07-14','lobotomy','Xiaflex',8,58),(117,'2011-10-14','lobotomy','Xiaflex',8,59),(46,'2013-01-20','microsurgery','combivir',7,60),(10,'2011-02-28','laproscopy','zavesca',1,61),(82,'2012-07-14','lobotomy','tacrine',3,62),(62,'2013-04-09','laproscopy','zavesca',3,63),(117,'2011-10-14','angioplasty','abtacept',8,64),(20,'2012-11-15','lobotomy','tacrine',1,65),(45,'2013-03-14','andoscopy','tabloid',6,66),(115,'2011-02-28','microsurgery','zanosar',6,67),(6,'2012-08-14','laproscopy','zavesca',7,68),(98,'2011-09-14','andoscopy','Xeomin',9,69),(102,'2011-10-14','open heart surgery','Zafirilukast',3,70),(1,'2013-01-20','bypass','Xarello',2,71),(74,'2011-06-19','microsurgery','combivir',5,72),(40,'2011-02-28','angioplasty','kadian',1,73),(73,'2011-03-14','andoscopy','tabloid',4,74),(137,'2013-04-09','bypass','Xarello',8,75),(147,'2011-10-14','microsurgery','zanosar',8,76),(119,'2011-06-19','microsurgery','zanosar',10,77),(103,'2011-03-14','angioplasty','abtacept',4,78),(34,'2012-05-14','laproscopy','zavesca',5,79),(129,'2011-01-29','andoscopy','tabloid',10,80),(95,'2012-11-15','bypass','Xarello',6,81),(43,'2011-03-14','open heart surgery','modafinil',4,82),(102,'2011-10-14','microsurgery','combivir',3,83),(26,'2010-12-13','angioplasty','kadian',7,84),(31,'2013-01-20','andoscopy','tabloid',2,85),(119,'2011-06-19','microsurgery','zanosar',10,86),(91,'2013-01-20','bypass','Xarello',2,87),(110,'2012-11-15','lobotomy','tacrine',1,88),(1,'2013-01-20','open heart surgery','modafinil',2,89),(41,'2010-12-13','laproscopy','antihistamine',2,90),(108,'2013-05-10','laproscopy','zavesca',9,91),(91,'2013-01-20','microsurgery','zanosar',2,92),(139,'2012-05-14','andoscopy','tabloid',10,93),(102,'2011-10-14','microsurgery','combivir',3,94),(44,'2011-06-19','lobotomy','tacrine',5,95),(121,'2013-01-20','laproscopy','antihistamine',2,96),(76,'2013-01-20','lobotomy','tacrine',7,97),(110,'2012-11-15','angioplasty','kadian',1,98),(5,'2012-11-15','open heart surgery','modafinil',6,99),(100,'2011-02-28','laproscopy','zavesca',1,100),(129,'2011-01-29','microsurgery','zanosar',10,101),(8,'2011-09-14','bypass','abciximab',9,102),(98,'2011-09-14','microsurgery','combivir',9,103),(120,'2013-03-14','angioplasty','kadian',1,104),(36,'2012-08-14','open heart surgery','Zafirilukast',7,105),(110,'2012-11-15','lobotomy','tacrine',1,106),(59,'2011-06-19','laproscopy','antihistamine',10,107),(32,'2013-04-09','bypass','abciximab',3,108),(46,'2013-01-20','bypass','abciximab',7,109),(91,'2013-01-20','andoscopy','tabloid',2,110),(127,'2012-07-14','open heart surgery','modafinil',8,111),(75,'2013-03-14','open heart surgery','modafinil',6,112),(105,'2013-03-14','microsurgery','zanosar',6,113),(96,'2012-08-14','angioplasty','kadian',7,114),(39,'2011-01-29','microsurgery','zanosar',10,115),(2,'2013-04-09','lobotomy','tacrine',3,116),(59,'2011-06-19','andoscopy','tabloid',10,117),(79,'2012-05-14','angioplasty','abtacept',10,118),(114,'2011-01-29','angioplasty','kadian',5,119),(37,'2012-07-14','angioplasty','abtacept',8,120),(78,'2013-05-10','bypass','abciximab',9,121),(62,'2013-04-09','lobotomy','tacrine',3,122),(114,'2011-01-29','angioplasty','kadian',5,123),(117,'2011-10-14','open heart surgery','modafinil',8,124),(86,'2010-12-13','angioplasty','kadian',7,125),(89,'2011-06-19','open heart surgery','modafinil',10,126),(66,'2012-08-14','laproscopy','zavesca',7,127),(140,'2012-11-15','microsurgery','combivir',1,128),(143,'2011-09-14','andoscopy','tabloid',4,129),(0,'2013-03-14','laproscopy','zavesca',1,130),(17,'2013-04-09','andoscopy','tabloid',8,131),(122,'2013-04-09','laproscopy','zavesca',3,132),(56,'2010-12-13','microsurgery','combivir',7,133),(148,'2011-03-14','open heart surgery','Zafirilukast',9,134),(70,'2011-02-28','andoscopy','Xeomin',1,135),(19,'2012-05-14','open heart surgery','modafinil',10,136),(16,'2013-01-20','angioplasty','kadian',7,137),(66,'2012-08-14','laproscopy','zavesca',7,138),(16,'2013-01-20','lobotomy','tacrine',7,139),(125,'2012-11-15','lobotomy','Xiaflex',6,140),(91,'2013-01-20','microsurgery','zanosar',2,141),(33,'2013-05-10','open heart surgery','modafinil',4,142),(54,'2011-01-29','open heart surgery','Zafirilukast',5,143),(97,'2012-07-14','lobotomy','Xiaflex',8,144),(20,'2012-11-15','laproscopy','zavesca',1,145),(56,'2010-12-13','andoscopy','Xeomin',7,146),(144,'2011-01-29','microsurgery','combivir',5,147),(93,'2013-05-10','angioplasty','abtacept',4,148),(3,'2013-05-10','laproscopy','antihistamine',4,149);
/*!40000 ALTER TABLE `pat_opr` ENABLE KEYS */;
UNLOCK TABLES;

--
-- Table structure for table `room_details`
--

DROP TABLE IF EXISTS `room_details`;
/*!40101 SET @saved_cs_client     = @@character_set_client */;
 SET character_set_client = utf8mb4 ;
CREATE TABLE `room_details` (
  `room_no` int(11) NOT NULL,
  `type` text,
  `status` text,
  `rm_dl_chrg` int(11) DEFAULT NULL,
  PRIMARY KEY (`room_no`)
) ENGINE=InnoDB DEFAULT CHARSET=utf8mb4 COLLATE=utf8mb4_unicode_ci;
/*!40101 SET character_set_client = @saved_cs_client */;

--
-- Dumping data for table `room_details`
--

LOCK TABLES `room_details` WRITE;
/*!40000 ALTER TABLE `room_details` DISABLE KEYS */;
INSERT INTO `room_details` VALUES (1,'Consulting room','Occupied',1000),(2,'Deluxe','Not occupied',5000),(3,'Deluxe','Not occupied',5000),(4,'Consulting room','Occupied',1000),(5,'Deluxe','Occupied',5000),(6,'Ward room','Occupied',1500),(7,'Ward room','Occupied',1500),(8,'Ward room','Occupied',1500),(9,'Deluxe','Occupied',5000),(10,'Ward room','Not occupied',1500),(11,'Deluxe','Occupied',5000),(12,'General','Not occupied',2000),(13,'Deluxe','Not occupied',5000),(14,'Deluxe','Occupied',5000),(15,'Ward room','Not occupied',1500),(16,'Deluxe','Occupied',5000),(17,'Ward room','Occupied',1500),(18,'ICU','Occupied',20000),(19,'ICU','Occupied',20000),(20,'ICU','Not occupied',20000);
/*!40000 ALTER TABLE `room_details` ENABLE KEYS */;
UNLOCK TABLES;
/*!40103 SET TIME_ZONE=@OLD_TIME_ZONE */;

/*!40101 SET SQL_MODE=@OLD_SQL_MODE */;
/*!40014 SET FOREIGN_KEY_CHECKS=@OLD_FOREIGN_KEY_CHECKS */;
/*!40014 SET UNIQUE_CHECKS=@OLD_UNIQUE_CHECKS */;
/*!40101 SET CHARACTER_SET_CLIENT=@OLD_CHARACTER_SET_CLIENT */;
/*!40101 SET CHARACTER_SET_RESULTS=@OLD_CHARACTER_SET_RESULTS */;
/*!40101 SET COLLATION_CONNECTION=@OLD_COLLATION_CONNECTION */;
/*!40111 SET SQL_NOTES=@OLD_SQL_NOTES */;

-- Dump completed on 2018-09-14 12:35:05
